ticker,name,sector
RELIANCE.NS,Reliance Industries,Energy
TCS.NS,Tata Consultancy Services,IT
HDFCBANK.NS,HDFC Bank,Banking
INFY.NS,Infosys,IT
ICICIBANK.NS,ICICI Bank,Banking
HINDUNILVR.NS,Hindustan Unilever,FMCG
ITC.NS,ITC,FMCG
SBIN.NS,State Bank of India,Banking
BHARTIARTL.NS,Bharti Airtel,Telecom
KOTAKBANK.NS,Kotak Mahindra Bank,Banking
LT.NS,Larsen & Toubro,Infrastructure
AXISBANK.NS,Axis Bank,Banking
ASIANPAINT.NS,Asian Paints,Consumer
MARUTI.NS,Maruti Suzuki,Auto
SUNPHARMA.NS,Sun Pharma,Pharma
TITAN.NS,Titan Company,Consumer
WIPRO.NS,Wipro,IT
HCLTECH.NS,HCL Technologies,IT
BAJFINANCE.NS,Bajaj Finance,Financials
NTPC.NS,NTPC,Power
